{
    "dataset": "credit.csv",
    "node": {
        "var": "A9",
        "edges": [
            {
                "edge": {
                    "value": "t",
                    "node": {
                        "var": "A15",
                        "edges": [
                            {
                                "edge": {
                                    "value": "<= 225.0",
                                    "leaf": {
                                        "decision": "+",
                                        "p": 0.32891832229580575
                                    }
                                }
                            },
                            {
                                "edge": {
                                    "value": "> 225.0",
                                    "leaf": {
                                        "decision": "+",
                                        "p": 0.735
                                    }
                                }
                            }
                        ]
                    }
                }
            },
            {
                "edge": {
                    "value": "f",
                    "leaf": {
                        "decision": "-",
                        "p": 0.9407894736842105
                    }
                }
            }
        ]
    }
}