{
    "dataset": "heart_new.csv",
    "node": {
        "var": "ST_Slope",
        "edges": [
            {
                "edge": {
                    "value": "Up",
                    "node": {
                        "var": "ChestPainType",
                        "edges": [
                            {
                                "edge": {
                                    "value": "ATA",
                                    "leaf": {
                                        "decision": 0.0,
                                        "p": 0.861271676300578
                                    }
                                }
                            },
                            {
                                "edge": {
                                    "value": "NAP",
                                    "node": {
                                        "var": "Oldpeak",
                                        "edges": [
                                            {
                                                "edge": {
                                                    "value": "<= 1.9",
                                                    "leaf": {
                                                        "decision": 0.0,
                                                        "p": 0.5215633423180593
                                                    }
                                                }
                                            },
                                            {
                                                "edge": {
                                                    "value": "> 1.9",
                                                    "node": {
                                                        "var": "Age",
                                                        "edges": [
                                                            {
                                                                "edge": {
                                                                    "value": "<= 51",
                                                                    "leaf": {
                                                                        "decision": 0.0,
                                                                        "p": 0.6011396011396012
                                                                    }
                                                                }
                                                            },
                                                            {
                                                                "edge": {
                                                                    "value": "> 51",
                                                                    "leaf": {
                                                                        "decision": 1.0,
                                                                        "p": 0.6490299823633157
                                                                    }
                                                                }
                                                            }
                                                        ]
                                                    }
                                                }
                                            }
                                        ]
                                    }
                                }
                            },
                            {
                                "edge": {
                                    "value": "TA",
                                    "node": {
                                        "var": "MaxHR",
                                        "edges": [
                                            {
                                                "edge": {
                                                    "value": "<= 127.0",
                                                    "node": {
                                                        "var": "Cholesterol",
                                                        "edges": [
                                                            {
                                                                "edge": {
                                                                    "value": "<= 213.0",
                                                                    "node": {
                                                                        "var": "Age",
                                                                        "edges": [
                                                                            {
                                                                                "edge": {
                                                                                    "value": "<= 32",
                                                                                    "leaf": {
                                                                                        "decision": 1.0,
                                                                                        "p": 0.25
                                                                                    }
                                                                                }
                                                                            },
                                                                            {
                                                                                "edge": {
                                                                                    "value": "> 32",
                                                                                    "leaf": {
                                                                                        "decision": 0.0,
                                                                                        "p": 0.44260485651214126
                                                                                    }
                                                                                }
                                                                            }
                                                                        ]
                                                                    }
                                                                }
                                                            },
                                                            {
                                                                "edge": {
                                                                    "value": "> 213.0",
                                                                    "leaf": {
                                                                        "decision": 1.0,
                                                                        "p": 0.5067178502879078
                                                                    }
                                                                }
                                                            }
                                                        ]
                                                    }
                                                }
                                            },
                                            {
                                                "edge": {
                                                    "value": "> 127.0",
                                                    "leaf": {
                                                        "decision": 0.0,
                                                        "p": 0.5791304347826087
                                                    }
                                                }
                                            }
                                        ]
                                    }
                                }
                            },
                            {
                                "edge": {
                                    "value": "ASY",
                                    "node": {
                                        "var": "Oldpeak",
                                        "edges": [
                                            {
                                                "edge": {
                                                    "value": "<= 0.4",
                                                    "node": {
                                                        "var": "Cholesterol",
                                                        "edges": [
                                                            {
                                                                "edge": {
                                                                    "value": "<= 0.0",
                                                                    "node": {
                                                                        "var": "FastingBS",
                                                                        "edges": [
                                                                            {
                                                                                "edge": {
                                                                                    "value": "<= 0.0",
                                                                                    "node": {
                                                                                        "var": "Age",
                                                                                        "edges": [
                                                                                            {
                                                                                                "edge": {
                                                                                                    "value": "<= 60",
                                                                                                    "node": {
                                                                                                        "var": "RestingBP",
                                                                                                        "edges": [
                                                                                                            {
                                                                                                                "edge": {
                                                                                                                    "value": "<= 120.0",
                                                                                                                    "node": {
                                                                                                                        "var": "Age",
                                                                                                                        "edges": [
                                                                                                                            {
                                                                                                                                "edge": {
                                                                                                                                    "value": "<= 41",
                                                                                                                                    "leaf": {
                                                                                                                                        "decision": 0.0,
                                                                                                                                        "p": 0.6752136752136753
                                                                                                                                    }
                                                                                                                                }
                                                                                                                            },
                                                                                                                            {
                                                                                                                                "edge": {
                                                                                                                                    "value": "> 41",
                                                                                                                                    "leaf": {
                                                                                                                                        "decision": 1.0,
                                                                                                                                        "p": 0.5867665418227216
                                                                                                                                    }
                                                                                                                                }
                                                                                                                            }
                                                                                                                        ]
                                                                                                                    }
                                                                                                                }
                                                                                                            },
                                                                                                            {
                                                                                                                "edge": {
                                                                                                                    "value": "> 120.0",
                                                                                                                    "leaf": {
                                                                                                                        "decision": 0.0,
                                                                                                                        "p": 0.416
                                                                                                                    }
                                                                                                                }
                                                                                                            }
                                                                                                        ]
                                                                                                    }
                                                                                                }
                                                                                            },
                                                                                            {
                                                                                                "edge": {
                                                                                                    "value": "> 60",
                                                                                                    "leaf": {
                                                                                                        "decision": 1.0,
                                                                                                        "p": 0.7285067873303167
                                                                                                    }
                                                                                                }
                                                                                            }
                                                                                        ]
                                                                                    }
                                                                                }
                                                                            },
                                                                            {
                                                                                "edge": {
                                                                                    "value": "> 0.0",
                                                                                    "leaf": {
                                                                                        "decision": 1.0,
                                                                                        "p": 0.794392523364486
                                                                                    }
                                                                                }
                                                                            }
                                                                        ]
                                                                    }
                                                                }
                                                            },
                                                            {
                                                                "edge": {
                                                                    "value": "> 0.0",
                                                                    "node": {
                                                                        "var": "MaxHR",
                                                                        "edges": [
                                                                            {
                                                                                "edge": {
                                                                                    "value": "<= 148.0",
                                                                                    "node": {
                                                                                        "var": "Age",
                                                                                        "edges": [
                                                                                            {
                                                                                                "edge": {
                                                                                                    "value": "<= 65",
                                                                                                    "leaf": {
                                                                                                        "decision": 0.0,
                                                                                                        "p": 0.4605263157894737
                                                                                                    }
                                                                                                }
                                                                                            },
                                                                                            {
                                                                                                "edge": {
                                                                                                    "value": "> 65",
                                                                                                    "node": {
                                                                                                        "var": "Age",
                                                                                                        "edges": [
                                                                                                            {
                                                                                                                "edge": {
                                                                                                                    "value": "<= 66",
                                                                                                                    "leaf": {
                                                                                                                        "decision": 1.0,
                                                                                                                        "p": 0.5394581861012956
                                                                                                                    }
                                                                                                                }
                                                                                                            },
                                                                                                            {
                                                                                                                "edge": {
                                                                                                                    "value": "> 66",
                                                                                                                    "leaf": {
                                                                                                                        "decision": 0.0,
                                                                                                                        "p": 0.2753623188405797
                                                                                                                    }
                                                                                                                }
                                                                                                            }
                                                                                                        ]
                                                                                                    }
                                                                                                }
                                                                                            }
                                                                                        ]
                                                                                    }
                                                                                }
                                                                            },
                                                                            {
                                                                                "edge": {
                                                                                    "value": "> 148.0",
                                                                                    "node": {
                                                                                        "var": "MaxHR",
                                                                                        "edges": [
                                                                                            {
                                                                                                "edge": {
                                                                                                    "value": "<= 181.0",
                                                                                                    "node": {
                                                                                                        "var": "RestingECG",
                                                                                                        "edges": [
                                                                                                            {
                                                                                                                "edge": {
                                                                                                                    "value": "Normal",
                                                                                                                    "node": {
                                                                                                                        "var": "Cholesterol",
                                                                                                                        "edges": [
                                                                                                                            {
                                                                                                                                "edge": {
                                                                                                                                    "value": "<= 255.0",
                                                                                                                                    "node": {
                                                                                                                                        "var": "RestingBP",
                                                                                                                                        "edges": [
                                                                                                                                            {
                                                                                                                                                "edge": {
                                                                                                                                                    "value": "<= 140.0",
                                                                                                                                                    "node": {
                                                                                                                                                        "var": "Age",
                                                                                                                                                        "edges": [
                                                                                                                                                            {
                                                                                                                                                                "edge": {
                                                                                                                                                                    "value": "<= 43",
                                                                                                                                                                    "leaf": {
                                                                                                                                                                        "decision": 0.0,
                                                                                                                                                                        "p": 0.6729559748427673
                                                                                                                                                                    }
                                                                                                                                                                }
                                                                                                                                                            },
                                                                                                                                                            {
                                                                                                                                                                "edge": {
                                                                                                                                                                    "value": "> 43",
                                                                                                                                                                    "node": {
                                                                                                                                                                        "var": "MaxHR",
                                                                                                                                                                        "edges": [
                                                                                                                                                                            {
                                                                                                                                                                                "edge": {
                                                                                                                                                                                    "value": "<= 162.0",
                                                                                                                                                                                    "node": {
                                                                                                                                                                                        "var": "MaxHR",
                                                                                                                                                                                        "edges": [
                                                                                                                                                                                            {
                                                                                                                                                                                                "edge": {
                                                                                                                                                                                                    "value": "<= 155.0",
                                                                                                                                                                                                    "leaf": {
                                                                                                                                                                                                        "decision": 0.0,
                                                                                                                                                                                                        "p": 0.3537117903930131
                                                                                                                                                                                                    }
                                                                                                                                                                                                }
                                                                                                                                                                                            },
                                                                                                                                                                                            {
                                                                                                                                                                                                "edge": {
                                                                                                                                                                                                    "value": "> 155.0",
                                                                                                                                                                                                    "leaf": {
                                                                                                                                                                                                        "decision": 1.0,
                                                                                                                                                                                                        "p": 0.27705627705627706
                                                                                                                                                                                                    }
                                                                                                                                                                                                }
                                                                                                                                                                                            }
                                                                                                                                                                                        ]
                                                                                                                                                                                    }
                                                                                                                                                                                }
                                                                                                                                                                            },
                                                                                                                                                                            {
                                                                                                                                                                                "edge": {
                                                                                                                                                                                    "value": "> 162.0",
                                                                                                                                                                                    "leaf": {
                                                                                                                                                                                        "decision": 0.0,
                                                                                                                                                                                        "p": 0.7692307692307693
                                                                                                                                                                                    }
                                                                                                                                                                                }
                                                                                                                                                                            }
                                                                                                                                                                        ]
                                                                                                                                                                    }
                                                                                                                                                                }
                                                                                                                                                            }
                                                                                                                                                        ]
                                                                                                                                                    }
                                                                                                                                                }
                                                                                                                                            },
                                                                                                                                            {
                                                                                                                                                "edge": {
                                                                                                                                                    "value": "> 140.0",
                                                                                                                                                    "leaf": {
                                                                                                                                                        "decision": 1.0,
                                                                                                                                                        "p": 0.6818181818181818
                                                                                                                                                    }
                                                                                                                                                }
                                                                                                                                            }
                                                                                                                                        ]
                                                                                                                                    }
                                                                                                                                }
                                                                                                                            },
                                                                                                                            {
                                                                                                                                "edge": {
                                                                                                                                    "value": "> 255.0",
                                                                                                                                    "leaf": {
                                                                                                                                        "decision": 0.0,
                                                                                                                                        "p": 0.4452296819787986
                                                                                                                                    }
                                                                                                                                }
                                                                                                                            }
                                                                                                                        ]
                                                                                                                    }
                                                                                                                }
                                                                                                            },
                                                                                                            {
                                                                                                                "edge": {
                                                                                                                    "value": "ST",
                                                                                                                    "leaf": {
                                                                                                                        "decision": 0.0,
                                                                                                                        "p": 0.34269662921348315
                                                                                                                    }
                                                                                                                }
                                                                                                            },
                                                                                                            {
                                                                                                                "edge": {
                                                                                                                    "value": "LVH",
                                                                                                                    "node": {
                                                                                                                        "var": "Sex",
                                                                                                                        "edges": [
                                                                                                                            {
                                                                                                                                "edge": {
                                                                                                                                    "value": "F",
                                                                                                                                    "node": {
                                                                                                                                        "var": "Age",
                                                                                                                                        "edges": [
                                                                                                                                            {
                                                                                                                                                "edge": {
                                                                                                                                                    "value": "<= 57",
                                                                                                                                                    "leaf": {
                                                                                                                                                        "decision": 0.0,
                                                                                                                                                        "p": 0.5374149659863946
                                                                                                                                                    }
                                                                                                                                                }
                                                                                                                                            },
                                                                                                                                            {
                                                                                                                                                "edge": {
                                                                                                                                                    "value": "> 57",
                                                                                                                                                    "leaf": {
                                                                                                                                                        "decision": 1.0,
                                                                                                                                                        "p": 0.7151515151515152
                                                                                                                                                    }
                                                                                                                                                }
                                                                                                                                            }
                                                                                                                                        ]
                                                                                                                                    }
                                                                                                                                }
                                                                                                                            },
                                                                                                                            {
                                                                                                                                "edge": {
                                                                                                                                    "value": "M",
                                                                                                                                    "leaf": {
                                                                                                                                        "decision": 1.0,
                                                                                                                                        "p": 0.6317241379310344
                                                                                                                                    }
                                                                                                                                }
                                                                                                                            }
                                                                                                                        ]
                                                                                                                    }
                                                                                                                }
                                                                                                            }
                                                                                                        ]
                                                                                                    }
                                                                                                }
                                                                                            },
                                                                                            {
                                                                                                "edge": {
                                                                                                    "value": "> 181.0",
                                                                                                    "leaf": {
                                                                                                        "decision": 0.0,
                                                                                                        "p": 0.88
                                                                                                    }
                                                                                                }
                                                                                            }
                                                                                        ]
                                                                                    }
                                                                                }
                                                                            }
                                                                        ]
                                                                    }
                                                                }
                                                            }
                                                        ]
                                                    }
                                                }
                                            },
                                            {
                                                "edge": {
                                                    "value": "> 0.4",
                                                    "leaf": {
                                                        "decision": 1.0,
                                                        "p": 0.7536534446764092
                                                    }
                                                }
                                            }
                                        ]
                                    }
                                }
                            }
                        ]
                    }
                }
            },
            {
                "edge": {
                    "value": "Flat",
                    "leaf": {
                        "decision": 1.0,
                        "p": 0.8282608695652174
                    }
                }
            },
            {
                "edge": {
                    "value": "Down",
                    "node": {
                        "var": "ChestPainType",
                        "edges": [
                            {
                                "edge": {
                                    "value": "ASY",
                                    "leaf": {
                                        "decision": 1.0,
                                        "p": 0.7903225806451613
                                    }
                                }
                            },
                            {
                                "edge": {
                                    "value": "ATA",
                                    "node": {
                                        "var": "Age",
                                        "edges": [
                                            {
                                                "edge": {
                                                    "value": "<= 48",
                                                    "leaf": {
                                                        "decision": 1.0,
                                                        "p": 0.37037037037037035
                                                    }
                                                }
                                            },
                                            {
                                                "edge": {
                                                    "value": "> 48",
                                                    "leaf": {
                                                        "decision": 0.0,
                                                        "p": 0.37037037037037035
                                                    }
                                                }
                                            }
                                        ]
                                    }
                                }
                            },
                            {
                                "edge": {
                                    "value": "NAP",
                                    "node": {
                                        "var": "Cholesterol",
                                        "edges": [
                                            {
                                                "edge": {
                                                    "value": "<= 113.0",
                                                    "leaf": {
                                                        "decision": 1.0,
                                                        "p": 0.8757062146892656
                                                    }
                                                }
                                            },
                                            {
                                                "edge": {
                                                    "value": "> 113.0",
                                                    "leaf": {
                                                        "decision": 0.0,
                                                        "p": 0.5236167341430499
                                                    }
                                                }
                                            }
                                        ]
                                    }
                                }
                            },
                            {
                                "edge": {
                                    "value": "TA",
                                    "node": {
                                        "var": "RestingBP",
                                        "edges": [
                                            {
                                                "edge": {
                                                    "value": "<= 142.0",
                                                    "leaf": {
                                                        "decision": 1.0,
                                                        "p": 0.5168539325842697
                                                    }
                                                }
                                            },
                                            {
                                                "edge": {
                                                    "value": "> 142.0",
                                                    "leaf": {
                                                        "decision": 0.0,
                                                        "p": 0.32038834951456313
                                                    }
                                                }
                                            }
                                        ]
                                    }
                                }
                            }
                        ]
                    }
                }
            }
        ]
    }
}