{
    "dataset": "iris.csv",
    "node": {
        "var": "petalLength",
        "edges": [
            {
                "edge": {
                    "value": "<= 1.9",
                    "leaf": {
                        "decision": "Iris-setosa",
                        "p": 1.0
                    }
                }
            },
            {
                "edge": {
                    "value": "> 1.9",
                    "node": {
                        "var": "petalWidth",
                        "edges": [
                            {
                                "edge": {
                                    "value": "<= 1.7",
                                    "node": {
                                        "var": "petalLength",
                                        "edges": [
                                            {
                                                "edge": {
                                                    "value": "<= 4.9",
                                                    "leaf": {
                                                        "decision": "Iris-versicolor",
                                                        "p": 0.46153846153846156
                                                    }
                                                }
                                            },
                                            {
                                                "edge": {
                                                    "value": "> 4.9",
                                                    "node": {
                                                        "var": "petalWidth",
                                                        "edges": [
                                                            {
                                                                "edge": {
                                                                    "value": "<= 1.5",
                                                                    "leaf": {
                                                                        "decision": "Iris-virginica",
                                                                        "p": 0.030612244897959183
                                                                    }
                                                                }
                                                            },
                                                            {
                                                                "edge": {
                                                                    "value": "> 1.5",
                                                                    "node": {
                                                                        "var": "sepalLength",
                                                                        "edges": [
                                                                            {
                                                                                "edge": {
                                                                                    "value": "<= 6.7",
                                                                                    "leaf": {
                                                                                        "decision": "Iris-versicolor",
                                                                                        "p": 0.36153846153846153
                                                                                    }
                                                                                }
                                                                            },
                                                                            {
                                                                                "edge": {
                                                                                    "value": "> 6.7",
                                                                                    "leaf": {
                                                                                        "decision": "Iris-virginica",
                                                                                        "p": 0.85
                                                                                    }
                                                                                }
                                                                            }
                                                                        ]
                                                                    }
                                                                }
                                                            }
                                                        ]
                                                    }
                                                }
                                            }
                                        ]
                                    }
                                }
                            },
                            {
                                "edge": {
                                    "value": "> 1.7",
                                    "leaf": {
                                        "decision": "Iris-virginica",
                                        "p": 0.9782608695652174
                                    }
                                }
                            }
                        ]
                    }
                }
            }
        ]
    }
}