doc,author
147604newsML.txt,TanEeLyn
196812newsML.txt,JimGilchrist
219316newsML.txt,BenjaminKangLim
347781newsML.txt,JimGilchrist
251225newsML.txt,JimGilchrist
177958newsML.txt,JimGilchrist
306379newsML.txt,JimGilchrist
324849newsML.txt,JimGilchrist
163815newsML.txt,JimGilchrist
284041newsML.txt,BenjaminKangLim
198999newsML.txt,JimGilchrist
363477newsML.txt,JimGilchrist
196990newsML.txt,JimGilchrist
110986newsML.txt,JimGilchrist
337819newsML.txt,JimGilchrist
350225newsML.txt,JimGilchrist
267356newsML.txt,JimGilchrist
37351newsML.txt,JimGilchrist
216335newsML.txt,JimGilchrist
293670newsML.txt,JimGilchrist
153574newsML.txt,JimGilchrist
207287newsML.txt,JimGilchrist
142837newsML.txt,HeatherScoffield
168806newsML.txt,JimGilchrist
163749newsML.txt,JimGilchrist
147744newsML.txt,JimGilchrist
270336newsML.txt,JimGilchrist
166722newsML.txt,JimGilchrist
267130newsML.txt,BenjaminKangLim
156766newsML.txt,JimGilchrist
344160newsML.txt,ToddNissen
269930newsML.txt,JimGilchrist
163771newsML.txt,JimGilchrist
168531newsML.txt,JimGilchrist
303411newsML.txt,JimGilchrist
363336newsML.txt,JohnMastrini
104639newsML.txt,JimGilchrist
302939newsML.txt,JimGilchrist
363245newsML.txt,JimGilchrist
352207newsML.txt,JimGilchrist
267467newsML.txt,JimGilchrist
257938newsML.txt,JimGilchrist
140433newsML.txt,JohnMastrini
137061newsML.txt,JimGilchrist
315690newsML.txt,BenjaminKangLim
105455newsML.txt,BenjaminKangLim
10726newsML.txt,JimGilchrist
144598newsML.txt,JimGilchrist
304717newsML.txt,JimGilchrist
324820newsML.txt,JimGilchrist
