{
    "dataset": "balloon4.csv",
    "node": {
        "var": "Color",
        "edges": [
            {
                "edge": {
                    "value": "YELLOW",
                    "node": {
                        "var": "Size",
                        "edges": [
                            {
                                "edge": {
                                    "value": "SMALL",
                                    "leaf": {
                                        "decision": "T",
                                        "p": 0.625
                                    }
                                }
                            },
                            {
                                "edge": {
                                    "value": "LARGE",
                                    "node": {
                                        "var": "Act",
                                        "edges": [
                                            {
                                                "edge": {
                                                    "value": "STRETCH",
                                                    "node": {
                                                        "var": "Age",
                                                        "edges": [
                                                            {
                                                                "edge": {
                                                                    "value": "ADULT",
                                                                    "leaf": {
                                                                        "decision": "T",
                                                                        "p": 0.625
                                                                    }
                                                                }
                                                            },
                                                            {
                                                                "edge": {
                                                                    "value": "CHILD",
                                                                    "leaf": {
                                                                        "decision": "F",
                                                                        "p": 0.75
                                                                    }
                                                                }
                                                            }
                                                        ]
                                                    }
                                                }
                                            },
                                            {
                                                "edge": {
                                                    "value": "DIP",
                                                    "leaf": {
                                                        "decision": "F",
                                                        "p": 0.75
                                                    }
                                                }
                                            }
                                        ]
                                    }
                                }
                            }
                        ]
                    }
                }
            },
            {
                "edge": {
                    "value": "PURPLE",
                    "node": {
                        "var": "Act",
                        "edges": [
                            {
                                "edge": {
                                    "value": "STRETCH",
                                    "node": {
                                        "var": "Age",
                                        "edges": [
                                            {
                                                "edge": {
                                                    "value": "ADULT",
                                                    "leaf": {
                                                        "decision": "T",
                                                        "p": 0.625
                                                    }
                                                }
                                            },
                                            {
                                                "edge": {
                                                    "value": "CHILD",
                                                    "leaf": {
                                                        "decision": "F",
                                                        "p": 0.75
                                                    }
                                                }
                                            }
                                        ]
                                    }
                                }
                            },
                            {
                                "edge": {
                                    "value": "DIP",
                                    "leaf": {
                                        "decision": "F",
                                        "p": 0.75
                                    }
                                }
                            }
                        ]
                    }
                }
            }
        ]
    }
}