{
    "dataset": "balloon1.csv",
    "node": {
        "var": "Act",
        "edges": [
            {
                "edge": {
                    "value": "STRETCH",
                    "leaf": {
                        "decision": "T",
                        "p": 1.0
                    }
                }
            },
            {
                "edge": {
                    "value": "DIP",
                    "node": {
                        "var": "Age",
                        "edges": [
                            {
                                "edge": {
                                    "value": "ADULT",
                                    "leaf": {
                                        "decision": "T",
                                        "p": 1.0
                                    }
                                }
                            },
                            {
                                "edge": {
                                    "value": "CHILD",
                                    "leaf": {
                                        "decision": "F",
                                        "p": 0.6666666666666666
                                    }
                                }
                            }
                        ]
                    }
                }
            }
        ]
    }
}