{
    "dataset": "balloon3.csv",
    "node": {
        "var": "Color",
        "edges": [
            {
                "edge": {
                    "value": "YELLOW",
                    "node": {
                        "var": "Size",
                        "edges": [
                            {
                                "edge": {
                                    "value": "SMALL",
                                    "leaf": {
                                        "decision": "T",
                                        "p": 0.6666666666666666
                                    }
                                }
                            },
                            {
                                "edge": {
                                    "value": "LARGE",
                                    "leaf": {
                                        "decision": "F",
                                        "p": 1.0
                                    }
                                }
                            }
                        ]
                    }
                }
            },
            {
                "edge": {
                    "value": "PURPLE",
                    "leaf": {
                        "decision": "F",
                        "p": 1.0
                    }
                }
            }
        ]
    }
}