{
    "dataset": "mushroom.csv",
    "node": {
        "var": "odor",
        "edges": [
            {
                "edge": {
                    "value": "p",
                    "leaf": {
                        "decision": "p",
                        "p": 1.0
                    }
                }
            },
            {
                "edge": {
                    "value": "a",
                    "leaf": {
                        "decision": "e",
                        "p": 1.0
                    }
                }
            },
            {
                "edge": {
                    "value": "l",
                    "leaf": {
                        "decision": "e",
                        "p": 1.0
                    }
                }
            },
            {
                "edge": {
                    "value": "n",
                    "node": {
                        "var": "spore-print-color",
                        "edges": [
                            {
                                "edge": {
                                    "value": "n",
                                    "leaf": {
                                        "decision": "e",
                                        "p": 0.8861788617886179
                                    }
                                }
                            },
                            {
                                "edge": {
                                    "value": "k",
                                    "leaf": {
                                        "decision": "e",
                                        "p": 0.8803418803418803
                                    }
                                }
                            },
                            {
                                "edge": {
                                    "value": "w",
                                    "node": {
                                        "var": "habitat",
                                        "edges": [
                                            {
                                                "edge": {
                                                    "value": "w",
                                                    "leaf": {
                                                        "decision": "e",
                                                        "p": 1.0
                                                    }
                                                }
                                            },
                                            {
                                                "edge": {
                                                    "value": "l",
                                                    "node": {
                                                        "var": "cap-color",
                                                        "edges": [
                                                            {
                                                                "edge": {
                                                                    "value": "c",
                                                                    "leaf": {
                                                                        "decision": "e",
                                                                        "p": 0.7272727272727273
                                                                    }
                                                                }
                                                            },
                                                            {
                                                                "edge": {
                                                                    "value": "n",
                                                                    "leaf": {
                                                                        "decision": "e",
                                                                        "p": 0.553415061295972
                                                                    }
                                                                }
                                                            },
                                                            {
                                                                "edge": {
                                                                    "value": "w",
                                                                    "leaf": {
                                                                        "decision": "p",
                                                                        "p": 0.3076923076923077
                                                                    }
                                                                }
                                                            },
                                                            {
                                                                "edge": {
                                                                    "value": "y",
                                                                    "leaf": {
                                                                        "decision": "p",
                                                                        "p": 0.6268656716417911
                                                                    }
                                                                }
                                                            }
                                                        ]
                                                    }
                                                }
                                            },
                                            {
                                                "edge": {
                                                    "value": "d",
                                                    "node": {
                                                        "var": "gill-size",
                                                        "edges": [
                                                            {
                                                                "edge": {
                                                                    "value": "n",
                                                                    "leaf": {
                                                                        "decision": "p",
                                                                        "p": 0.8853503184713376
                                                                    }
                                                                }
                                                            },
                                                            {
                                                                "edge": {
                                                                    "value": "b",
                                                                    "leaf": {
                                                                        "decision": "e",
                                                                        "p": 0.6985032074126871
                                                                    }
                                                                }
                                                            }
                                                        ]
                                                    }
                                                }
                                            },
                                            {
                                                "edge": {
                                                    "value": "g",
                                                    "leaf": {
                                                        "decision": "e",
                                                        "p": 0.6554934823091247
                                                    }
                                                }
                                            },
                                            {
                                                "edge": {
                                                    "value": "p",
                                                    "leaf": {
                                                        "decision": "e",
                                                        "p": 0.11888111888111888
                                                    }
                                                }
                                            }
                                        ]
                                    }
                                }
                            },
                            {
                                "edge": {
                                    "value": "h",
                                    "leaf": {
                                        "decision": "e",
                                        "p": 0.029411764705882353
                                    }
                                }
                            },
                            {
                                "edge": {
                                    "value": "r",
                                    "leaf": {
                                        "decision": "p",
                                        "p": 1.0
                                    }
                                }
                            },
                            {
                                "edge": {
                                    "value": "o",
                                    "leaf": {
                                        "decision": "e",
                                        "p": 1.0
                                    }
                                }
                            },
                            {
                                "edge": {
                                    "value": "y",
                                    "leaf": {
                                        "decision": "e",
                                        "p": 1.0
                                    }
                                }
                            },
                            {
                                "edge": {
                                    "value": "b",
                                    "leaf": {
                                        "decision": "e",
                                        "p": 1.0
                                    }
                                }
                            }
                        ]
                    }
                }
            },
            {
                "edge": {
                    "value": "f",
                    "leaf": {
                        "decision": "p",
                        "p": 1.0
                    }
                }
            },
            {
                "edge": {
                    "value": "c",
                    "leaf": {
                        "decision": "p",
                        "p": 1.0
                    }
                }
            },
            {
                "edge": {
                    "value": "y",
                    "leaf": {
                        "decision": "p",
                        "p": 1.0
                    }
                }
            },
            {
                "edge": {
                    "value": "s",
                    "leaf": {
                        "decision": "p",
                        "p": 1.0
                    }
                }
            },
            {
                "edge": {
                    "value": "m",
                    "leaf": {
                        "decision": "p",
                        "p": 1.0
                    }
                }
            }
        ]
    }
}